{
  "variants": {
    "": [
      {
        "model": "block/crimson_planks/block/0"
      },
      {
        "model": "block/crimson_planks/block/1"
      },
      {
        "model": "block/crimson_planks/block/2"
      },
      {
        "model": "block/crimson_planks/block/3"
      },
      {
        "model": "block/crimson_planks/block/4"
      },
      {
        "model": "block/crimson_planks/block/5"
      },
      {
        "model": "block/crimson_planks/block/6"
      },
      {
        "model": "block/crimson_planks/block/7"
      },
      {
        "model": "block/crimson_planks/block/8"
      },
      {
        "model": "block/crimson_planks/block/9"
      },
      {
        "model": "block/crimson_planks/block/10"
      },
      {
        "model": "block/crimson_planks/block/11"
      },
      {
        "model": "block/crimson_planks/block/12"
      },
      {
        "model": "block/crimson_planks/block/13"
      },
      {
        "model": "block/crimson_planks/block/14"
      },
      {
        "model": "block/crimson_planks/block/15"
      }
    ]
  }
}